name,time,priority,efficiency
uav3,51.44,1,0.38931646411667814
uav1,51.764,1,0.38611599225500676
