name,time,priority,efficiency
uav35,37.822,2.572366039570192,0.9538343370768433
uav32,41.399,4.338419241030396,0.8528718740608981
